distance_km,passengers,duration_min
23.444725408122938,2,62.06819910633823
13.727474752809517,4,38.36346746260676
25.899339677430092,1,63.208816071285746
21.22367284272155,2,53.692220208673824
3.7311430887418364,4,15.549484699936801
29.29304819746592,4,77.63136555434497
23.073051357720235,2,59.331903776035475
23.79586485303166,3,64.73232242601539
4.71529534759083,1,14.253398314465402
14.061192198971447,1,36.37742921934841
11.753142702744857,2,31.489453665798163
27.87618467660945,4,74.3583604787105
19.672088482339273,3,53.007384004235654
24.86008678485407,2,66.15026424345479
13.859011765992603,2,37.46999683921873
7.5899229317585295,1,20.900836362435463
17.082958823459208,2,46.27666716771819
2.8507004270210845,1,7.157075066528293
25.00130398778488,1,64.45812186193625
19.31826757453988,3,51.60110018168809
22.984544462475842,1,56.14526596041684
11.281253075766182,1,27.27496314742964
29.150242707452193,3,75.4574891571118
26.90051251834373,2,70.18250452445191
23.573121415139095,2,61.44660310318803
6.64452252770706,1,17.99567302644331
14.53490910808399,1,39.48821625289667
2.2703092078296345,2,6.806683404714274
5.474395269958887,3,17.258554820713492
20.808419644031183,2,54.72548463289177
22.598102521326698,3,59.35898318677841
29.05778224059209,3,76.27278234656315
10.448935386006406,2,26.922389130931666
11.743331475011198,2,33.16823490480302
14.61711852699843,2,38.26118176496564
6.494669413444285,1,19.468073698389215
4.767723654728678,3,15.486834812904238
14.795442860552079,3,41.61666071677938
7.580371122475639,2,21.29762493719794
20.4246058457928,2,53.43077078222147
13.677405647297592,2,36.009484785021975
25.147667685677284,3,66.58829314355948
21.307687958065223,4,58.38721858957711
10.058632600079191,1,25.562322991282798
25.13553424046083,2,65.11379118529219
24.338166367407254,1,61.43531705246102
12.236872991875059,2,35.29184654930249
9.36151501397708,1,24.514056765031082
20.79236961527429,2,55.92615618988228
5.052822024669984,2,14.836432730867273
6.797337871778141,2,19.65263232098026
1.21350582277916,2,4.11240048530263
23.820806947562012,4,63.90494477703716
20.28067484116893,4,55.71222177371157
21.449795980163717,1,56.41049378136916
23.64114189963707,2,61.724837526768944
14.308557490611859,4,41.95511408772264
17.49349468263392,3,47.97446581678772
5.054112945702066,1,15.46268370371985
4.32137213254323,3,14.34438811405302
20.383685891923676,1,54.549437440461
14.661789978150843,1,37.36907874246298
17.391847087954474,3,46.313155885688516
23.18496686506474,3,60.35236431297282
19.406831280017133,4,55.6481028716009
17.05380261908188,2,45.85395412032259
17.217007661616993,4,47.50839842066217
9.814552843815754,2,28.18540480641288
1.8937172024702429,3,9.021985191293389
13.664804287738509,1,37.328138190721866
7.222955511766346,1,17.709555946675955
12.847330668014449,4,36.65296656172186
25.748689124776817,4,68.70920142799922
7.784245090094881,4,22.286930048828605
2.6907795089829145,2,10.18727597723698
9.1601328686379,1,23.829935615791392
9.514218975233824,4,29.325178643071123
20.195578927079957,3,56.44871925202951
17.15393241789707,1,43.73158735291507
23.73304806408599,4,63.71146717755783
20.265092669494237,4,55.58139584345959
12.785218981762045,2,35.35029480738852
24.606591155315005,4,65.74976486297736
5.842214677323414,4,18.774575096176402
1.658650120881954,3,8.803814572446251
3.6113879624936107,3,13.00710923007206
21.94842116729706,2,55.226324655237825
14.394439677290235,4,39.56070739375647
5.6768815919744515,4,20.49343984376334
15.530298477997542,4,44.02767447807266
5.417050978681884,3,16.38043151566746
21.193290877254345,1,54.01281753590088
13.93853199164689,2,37.259566651918895
12.049615556797992,2,33.25977225227514
9.743850585288419,4,27.80136306836226
19.278195200447765,3,50.954538862448956
11.492565706048323,3,32.604370019984195
3.541847660166929,1,9.954784569921872
4.422171161494944,4,16.427287086374072
28.89503227193592,2,73.40807328248022
27.348840030520606,1,69.92922875257283
21.291506880511736,4,59.12035082065681
8.710228882326067,1,23.46239075296445
29.10611494308399,1,74.10439909747157
23.583776215008044,1,60.06355693495414
21.789815485610873,2,56.03968756125568
14.031483562169871,1,36.20671031298489
8.895005293509612,4,28.297219086654437
3.7953379024514797,3,12.969316249528573
27.17546949977141,2,69.44886976008011
14.217512405174721,1,36.25153392417142
6.868537579061679,2,19.772194244930127
9.872742100368923,1,25.50834125374146
17.797367499314984,4,49.7787220313506
6.12641070523772,2,18.238870523843328
25.84181423867889,2,67.89351877710187
22.997066365221094,1,60.11622538531777
21.864425722577167,1,56.85692303081528
13.530698153478008,1,34.09250631954706
19.191956380370854,1,48.276356504350865
17.938841098469332,3,48.37133126971351
19.84555144508978,4,53.96270325548503
3.448885313056784,4,12.283886555681017
13.05841466294768,2,34.604344863196204
2.206811041994882,4,9.842514671368166
15.325733758091049,3,41.24248665546642
10.565975157650774,1,27.29914840797193
5.19120147711536,1,15.35645454310673
3.998686063953998,3,13.795953201134234
18.04169259315365,2,49.97604055893959
5.947196087569697,1,16.238498404943893
27.82848343292712,4,74.08114280838053
17.850773051311453,3,48.2310655109335
11.059224331510276,3,31.504552807219234
18.136549252961085,4,50.576627089573776
1.6613122598612273,4,11.02999197551209
28.798217184001913,4,75.9502224950272
14.986799671344107,2,40.726045236538
23.6993215902583,4,64.25605457325987
3.3991699977507186,3,10.526827251806179
15.11309159430665,3,42.15342776786139
15.230502836281106,4,44.14388065150667
28.196967194274503,1,70.83524158190883
17.580113518906185,2,46.34134992937349
14.73119263065166,1,36.302627314621446
8.742294229664914,2,22.996929114477947
10.615500922934013,2,29.986781884952283
16.099499671674597,4,44.58233267317905
13.728432348846354,4,38.012277897177846
1.6267503165295825,2,6.696336155782386
24.962465801636377,2,64.28375207265992
26.988662383353233,3,70.60083430060754
5.067223580959713,4,18.207384978074185
17.06704816263243,4,46.30588704764673
4.148696492927863,1,10.666376019637823
20.494962698154538,1,52.59148673753521
9.155779731331242,3,27.458859119076312
20.123256406065153,2,53.94630131665273
22.082843814319595,1,55.742047815437374
23.290777265612054,1,60.364320130949785
4.124487432721001,2,11.927076288332094
27.56434350899063,2,73.13706811938337
7.676205735951544,3,21.65674331445913
2.0849641291092134,1,7.740889133564765
17.09072161235302,3,45.67031792406382
11.756746232010723,3,35.00511203482141
25.06390255083998,2,65.65107710595244
24.439292689864754,1,61.28221519525367
10.197027891858745,3,28.570331250104353
28.634082457022604,3,75.96638734778026
9.43661730606344,2,27.044187682774158
15.936656747719722,2,42.170926277574836
8.422987626460479,3,24.70212734711467
28.145263531419936,2,73.52151186119391
5.773626709878526,2,16.965865201707135
2.302407962377541,2,6.862515046605476
13.6178147400881,2,35.63156282558007
29.778891357619273,3,78.28234833719983
26.858640721392504,2,70.76208421997896
22.709632564251528,2,60.79006383479087
26.83298223547722,3,71.4619850094645
26.90995255123803,2,69.96217213913144
16.04689245120702,1,42.06604501400003
10.161942503092996,4,29.538105407525634
23.38836053121865,1,59.51767036778842
20.188176631865073,3,53.246310858323206
11.836074137337592,2,30.741442732636266
3.7395333737839427,1,10.882382446096061
22.656898729121753,1,58.02776012938913
8.611354961763077,4,27.016039888916705
28.1675813654796,2,73.36506524459145
7.988146675164858,2,22.613010959236004
4.5599800399330945,3,15.55656676551029
25.10226749162228,1,63.912985632828224
5.445245182110328,3,17.626004350498217
6.198780936574433,2,17.170807938749725
18.382100954104462,3,49.92495831090029
26.36229918428647,1,67.7741656460022
6.696605305722624,4,20.87183183623436
9.99938651410275,1,26.25029838424972
23.54474030899415,3,61.83824826285602
29.182966355768052,3,76.03090919290402
15.521494399867928,2,40.07880664456766
5.173027573986273,1,15.398343860132238
1.4041523435378447,2,6.976066033564659
7.6600248699668025,4,24.487496029144346
4.82284431580911,4,18.82930674146659
20.652101534772868,4,56.241008140363775
4.533142634227403,1,15.56461900067914
15.683568016998358,3,42.58139062713267
21.13361063364371,1,54.28921993586529
17.852381667406167,3,47.83317625457521
6.793493898141671,2,19.75606030541448
24.31961125928562,3,65.23464307610028
21.74680675885825,3,57.85310050409254
22.430536113550712,4,62.6530601309944
4.8006747951620845,2,14.640836272538673
4.588860305859994,2,14.142636150760184
27.899313979188722,3,72.43928725345809
12.529767620923279,1,32.94291812685858
9.727512061647253,1,25.384752933308768
15.168937315194466,3,40.91410355864888
20.22306217014389,4,54.58118101721136
28.71307445436213,3,78.054449515662
9.306940579579596,4,27.803874198769954
27.819444450048785,1,69.2916257043407
1.7209252502014332,2,6.004091665771011
17.100743227477917,3,46.30029022921858
19.385278238751468,2,51.40986262949515
4.071024708771846,1,11.932358293654927
5.069848314853466,1,14.55123533891019
13.154315260172812,4,37.0409278437947
29.02072545215227,3,76.49225407388222
18.285234043796812,2,47.23702564538145
28.057673426406126,2,71.9245405830013
24.32646655277615,1,61.09845740744012
14.554066445103453,4,39.99677725816036
23.758140028313434,1,61.6595595596416
1.5172667353326443,4,9.281778539310498
4.165175906206313,1,12.589605135493914
25.053429831599352,2,65.07288764502267
24.10769556142969,2,63.446046602439374
7.746581517026577,4,22.405164387923897
16.39231812737255,1,43.04388283647673
18.574458800300317,2,49.013266830755825
26.164429659504325,2,68.43818374890999
18.490107562823045,2,49.005292206106226
12.96457550893673,1,32.62438361780494
11.851337258808298,4,32.9303033716297
13.350580504831786,2,35.064397095896496
19.90599974181925,2,52.729916635821034
26.15722832081742,2,68.48316221721896
14.163009580212693,4,38.839581673149866
8.187347325589386,2,21.887268946505248
7.863208526929853,2,21.33478563138379
22.634414127059944,2,58.62873025738304
24.6804941392934,2,62.73918451738085
4.053064315769624,1,9.910609023283927
2.9302068517001665,3,10.103681832842861
18.2385762489371,1,46.88269445856776
5.2390240815882505,1,13.116965864217136
24.915261523233898,1,63.37235029811298
9.999705543798159,2,28.45781667563721
5.172286056163137,4,16.42893540299433
27.708143702136056,3,72.6639134969296
5.800419959323067,4,20.32580663205844
9.25688238780013,2,25.123937579136516
5.4547884605697,4,17.863301460565832
4.349211846295294,1,13.236525430044708
1.6132924737567609,3,7.327029105420355
2.6064668657635433,4,12.420662189614426
6.064602657139728,3,19.19047203397652
2.5480760461880863,4,10.82734546256038
18.143170667218165,2,48.23761719864294
20.740721277185685,1,53.37225270681025
12.41528324812882,4,36.85909094132452
10.221741811609434,1,26.206008991158566
15.631260873644672,4,43.919358250893296
26.37514332480365,3,69.47634263240448
25.682817177843972,4,69.71119108624971
2.2607767983709666,2,7.02676280148324
6.263453878299198,4,21.47561174398585
7.865601262027484,1,21.330331927239126
8.232239699134144,2,21.663674174202413
17.565746900540407,1,46.32263007683152
13.071610345392576,4,39.713118944279174
2.4283694779002256,3,10.67275766429997
11.834810015327577,4,35.81400980554541
16.18883551281148,4,45.35746016363129
3.948485184207763,2,10.609708040780898
25.17029805986823,1,62.28162469850305
2.5068941274880236,4,11.322317362587818
27.8204142015238,2,71.35905669607952
3.8742811058163893,1,9.971126486213622
25.46367359633483,4,68.3964373068684
27.176941173900897,4,73.35793822261353
29.407549737011188,2,74.46611679576583
24.258750527934215,4,64.99799869955515
23.604848682368537,1,61.72199238904166
19.632015003870883,1,49.20474912945584
23.590894282765742,2,62.24699689407931
4.902014043981265,3,15.370304348404169
16.54597304248148,1,43.110726366053655
15.912463235522019,1,42.078485596007916
25.869592179554168,3,69.01526221587044
14.42118160221196,4,41.76211360774377
12.16759538691025,3,32.86739493386767
19.54733486587619,4,54.78199687143178
8.727436207524537,4,25.76589740417652
5.053283917664749,3,16.49275155973341
14.858440946688628,3,41.0043485537188
13.089791689251665,4,38.00960178199875
7.744528275337338,2,22.098277364403533
11.657842493338713,1,29.500796254822056
11.625381044961175,4,32.51358520010722
10.497371367963819,2,29.515777099871315
12.00445831208094,4,34.99698035772127
20.886557018222415,2,55.76576938651386
9.609417762567274,4,28.77881147223032
28.516879874744873,1,71.08703532618522
27.57409256660716,3,73.501361097522
14.94640242070228,2,39.39563544209459
10.522474945135976,2,29.04819082026096
16.52760890507009,2,43.071562834195696
25.60825417443511,4,70.46493714632146
19.92503287624296,2,51.3360173664242
24.327363010465245,4,65.28097777205694
16.448946005906464,2,43.62981371746348
19.354611248761003,1,48.49434579481555
9.35651281129139,4,28.52180155681607
22.311901706998434,1,58.59166474496358
6.8697332006458325,2,19.08387084092087
21.14914573573645,4,58.06800715837285
25.960852981450927,4,66.95269706758876
4.830982281744774,4,16.838526503877095
18.817012475715675,2,49.129488903362976
3.7577766986681036,4,13.375944144259872
22.04575321987138,2,58.595833519306986
3.450303345882087,3,11.899514683081389
28.142254858318154,3,73.7781596587018
4.9848299710962625,1,13.284882052951584
28.80752713136333,2,72.50200195664324
24.225641106467805,2,61.832116326092546
18.21677812952427,2,48.90303880993089
23.69609903425686,2,59.53029693876218
24.05833033050949,3,62.97951047665803
28.43478482170258,1,71.88724199796668
8.348117261336428,1,23.813915020632635
18.112200965390965,4,50.84910617897378
3.7564267293676354,2,11.23389629636599
18.868805300699517,3,52.07652694886435
5.967447818690875,3,17.778103726226067
17.383567732700815,3,48.06801913548604
17.60048490698164,2,45.04233502153109
14.513569436455592,2,39.757181422928134
16.15632148988056,4,44.78467007923041
23.15377831019105,4,61.65594153453636
24.178096778849934,2,62.62809833404852
15.272443251687445,3,42.05845230893883
18.388209804155757,4,50.27577607986368
28.005850835012954,1,71.76858059352772
4.472274066532561,4,15.397691282667337
4.396003411103205,2,14.010380921689372
3.543561345412284,4,14.10112542556731
20.078035266175306,3,53.73416511073033
13.139640722921005,4,37.207719494936555
23.455321068113456,1,59.9898434660489
20.465710985949187,1,52.91453120790667
10.675494991518907,4,33.55053663152887
27.052629873484538,3,72.17099510550952
23.113432265048917,3,62.359570612438134
8.845513286395096,1,26.402295410848023
11.561568515389567,1,30.61987976524176
10.118759425923624,4,30.581542076120765
5.5707378101249905,2,17.030859599634127
5.285717803723558,3,15.80532853172064
28.147696437896577,2,72.32533945832269
13.699217078763844,2,36.141873430217274
12.116274860544886,1,32.13830112858177
22.16088555164396,4,60.0280393168887
17.036798892334097,4,47.530220656309545
28.148059618315404,1,72.65760366593697
23.628743323372372,2,62.335009047135074
14.90171735961167,3,40.69257239598793
11.91442473094396,2,31.51606673048168
29.61231480280534,3,78.76606173866652
21.81504684410566,2,57.71150829117401
28.58464514011139,1,71.0553560319831
4.4358787392942,2,13.17654290932722
25.665476696532696,3,67.9292072033485
19.47514263574502,1,50.666686306483584
4.535728671718265,4,17.049423174235432
18.0594819991074,1,46.63261099894398
20.896794588058015,1,54.02723400150389
1.3567778907694823,3,7.056081529301859
14.17522089341065,3,38.364200545346065
24.936585824693314,2,64.48020017069203
9.565411734978607,2,26.332520524086625
14.297894372157982,1,36.910056680376364
13.827109684968903,3,36.28220130797879
9.755894351832255,2,26.392252544651203
27.634814969951073,1,70.34324307796683
23.65752702751396,2,61.262447576879204
4.207063918887204,4,15.070836001706423
29.91400507728962,2,77.67300406402865
26.496800704924613,4,69.9630445752629
9.23334469805713,2,23.85531953119161
25.270000810167208,1,64.02683223458133
4.086166424270103,2,13.379530466177048
29.97403718375292,2,79.02264599886895
20.30485734708957,1,52.744271606818664
19.85362545120511,3,51.76579986814394
3.6227810825398494,2,11.224585466972853
27.01396856800213,3,71.39155580108685
1.8409855929296133,2,7.180055099247625
7.984013683193265,2,22.899338760926035
5.147634379832415,2,14.352037003120277
23.52627028007434,1,60.0806187877366
6.747922589174038,3,20.890129302711227
27.408508586795673,1,70.54694242029284
20.031802140497213,3,52.87378718463024
2.04871860434619,4,9.576639643622578
1.1574651897323134,4,4.989845294257442
2.498079593417569,2,8.023737015966148
18.571830151784102,2,48.30516048648921
24.242972514923043,4,64.38784677914016
7.918031798194265,2,22.360691645718312
25.632856444769114,2,66.42619567987752
2.659726264444551,4,9.190101783533766
24.22795175560861,4,65.58538735832329
27.90606747499613,4,73.6368445567013
23.391143574027037,1,60.163547894258116
21.24550273538048,4,56.63190559072253
25.30142634100611,1,64.48357239104621
2.1643876868649263,3,8.72780588827581
6.851681210852606,4,22.232304912081844
4.622786699863649,3,15.28166402731047
15.631398715596609,4,43.623332613970064
22.61045572153649,2,57.38986698979697
19.27034349271556,2,49.09865076832787
25.682801893096116,2,66.02311779364807
5.501176780791636,2,16.144662068049502
22.304011666119685,3,58.7517812181001
6.598203235198219,2,19.52072001857501
8.852003788216207,3,25.45078855132883
21.587236221157813,2,55.403077828115016
29.425938762061772,2,75.68675061216652
18.734764573335017,1,48.262771269654095
2.5805091347475724,3,10.376157555693515
18.872960127898452,4,53.860779451739255
2.228165995824846,4,9.701505649558694
26.640225629637698,2,68.92708541250386
21.577770267918,2,56.770549616614424
6.020707546252593,3,18.628345906430667
3.659909168901744,3,12.249154776265707
6.322463637529251,1,15.456901917478882
29.42078820707158,3,76.64113595862594
14.298258631296205,1,35.87194416552271
23.73834750190083,1,58.8192620736283
19.45584192112553,3,51.443925961143236
17.599981348800483,1,44.15286165123476
5.208777385286441,2,16.00573000850905
28.434709153184755,3,75.28786472037618
9.73893634292682,3,27.043461567736177
17.762499258418725,2,46.54601951548369
21.293502393082917,1,52.57551332059476
19.827761502113958,4,53.8750638051022
28.277237881170034,4,75.89207660362743
5.304730707681681,4,18.886764658818304
15.74222941496132,3,42.24252645571199
12.716997331482213,2,35.24434818923305
14.750893154995925,4,40.161540965976336
4.457308259734594,2,12.295642850192694
4.888743686310194,1,14.13152108141336
9.064190827656464,4,29.131598297704407
9.836433509064108,2,27.484515760843962
13.40919319675915,4,38.28264060536386
18.71863886406222,2,47.001413413633344
19.404244405129628,4,51.288163956780586
12.942516000981538,3,36.08569953934972
12.854710173432217,2,34.17871276400936
7.311227274211897,2,19.572233003377626
18.06088120386124,4,50.01773559048315
10.194186428199899,1,26.800597438007557
2.045735194043547,2,8.45875385364914
13.133601280548952,2,35.37060548438508
14.74984757761494,3,41.70301331237174
7.542193177922119,2,21.26347697435411
17.601280060541356,3,47.48786515654606
17.407385112525706,2,46.98277496756144
21.358063252200772,1,53.616717250460496
19.79050598383509,1,53.49071241285389
19.920558639109917,3,53.77665407594153
10.17021040289725,2,28.2063552600808
23.835534437592663,2,62.51393206795425
16.925187124390703,3,47.7901042863084
13.511127660216813,2,36.97032656221464
19.154361947290656,2,48.680848889222716
11.459062699057373,1,31.251127132410936
15.869438093595988,2,41.732698654544954
22.36446496598439,3,59.6183174878003
26.705683714987522,3,69.08495531529353
27.71065872156056,4,74.6028488220253
15.605354830309878,4,43.16201278570714
16.087978327476506,1,41.52011545668474
24.196241912151258,2,62.60650577501737
10.119070060581837,2,29.622687953190443
25.284088508006988,3,68.79248157016305
15.330107749005279,2,40.77178254272794
4.359845005722783,4,15.763590225675811
3.089715265115367,2,9.750845196438902
25.41780312014443,3,68.25051409186385
2.611469590299459,1,7.399754105415271
9.137731647876022,4,27.22299184504436
10.689771174544829,4,32.50302080002704
6.01683891055622,4,19.3037981810739
10.102907724257687,2,27.619514276195687
22.538084435027486,1,55.963900306057724
1.4258024632420523,3,7.868696503228297
24.988029311099908,2,66.81094021693164
25.839892683662185,4,70.12095708195525
11.795585622554897,3,34.550763223934545
5.4547740727584095,3,16.390833045718693
18.424371830407345,4,51.097253858046564
4.4705041200819355,4,15.03310037583545
11.582661471269322,2,31.12888813259196
28.7944462461282,1,73.958327092673
29.868469704925477,1,75.972994875417
23.39104184928298,2,59.46496360060623
10.01788378770222,3,27.32968036371779
20.942286425816683,1,52.17455213305094
21.456784599036368,1,55.333414087530514
12.247409159745843,3,36.28241743502127
19.585770402998623,4,55.12688425149677
1.311101704294611,1,2.581769061590463
7.0626720994650025,3,22.67775618673229
16.227560786050574,1,42.705302382141085
5.748787823490581,3,16.426669613197692
5.811299168419476,4,19.02504630433819
25.2528244259569,4,69.02758347638806
29.68485707782456,3,78.36257620549618
17.123113412825003,3,45.09868847967452
25.33302219556969,4,68.74329764472041
29.719328265461904,3,75.76082006757417
5.106280768494466,2,14.942879745478953
13.999122784376182,4,40.9357637303405
12.384608759415677,3,34.57991611411051
3.3214292257393656,4,12.604635514386468
22.90457501104759,3,61.750783781391334
13.579591792355197,4,39.723731295974574
14.610481091521637,1,39.03624242167105
5.369516240583965,1,15.4981330299063
6.246872914695175,1,17.898557080675086
27.306005042530234,3,72.59792116376312
2.2948235802540875,3,9.60258759975169
7.752716263367481,1,20.671299658182516
9.469720579121322,1,24.637041728705903
15.215728729646006,4,41.626953531055285
18.00691001742908,4,48.86196353475289
15.30540929966933,3,41.58150876723812
3.4393447021495787,2,11.239813914976377
8.066356167615693,2,24.006703017043495
25.464063158113692,1,64.81836066740873
19.490072313875313,1,50.92865707556595
19.825322453893957,4,55.442621791167014
20.435894405189295,2,53.25828921528444
23.124187552146342,3,62.00515909173604
2.685145969921973,3,10.06933688308007
11.631643163045759,2,32.80124380169287
16.64629562258868,1,43.45158239473764
10.815238015622455,3,29.447611284367785
25.489887325328407,1,65.08624296547487
14.994602749031525,2,41.534619034402695
23.290200094321996,4,62.844269201258285
25.708449989553902,3,68.31884000397982
15.638953004201444,4,44.44326134824275
27.37701507226915,1,68.60591478150828
18.026594275572435,1,46.7771936381446
25.65795466617793,2,65.15105151341021
10.877133072154203,2,28.96720857398411
15.465691797413072,1,40.93995246102688
16.410920189132753,4,46.18405676314024
4.044411760986047,1,11.006551594718589
12.558022694344679,3,35.44151775710688
27.602792503998607,3,72.54688901224138
19.29413497057753,3,51.847915928795665
6.147690890672057,1,17.226045753400278
10.826813432678543,2,28.739665841037223
6.556487280218295,3,20.03155460610043
1.7198708221586037,2,6.387408860789857
27.896353296616773,3,71.75527986694168
13.998012519449272,1,35.27457554237389
9.918517100202799,1,27.56449919757083
18.355838555174362,3,49.87431970252114
1.2121192324974535,3,5.306709779842245
9.0626410914236,1,22.31624835271059
21.387970505267884,4,58.15776236305913
19.379323419008625,1,51.20949508069805
29.47237247873353,4,78.29417306202947
18.990373580083276,3,52.38293350361221
14.847670335204251,4,42.27110660882928
23.08154433233622,4,62.97511128868644
27.19650828695754,2,69.05555020808929
21.900182454832194,4,60.48797905883024
28.93312548293201,1,73.19788167005642
23.67814995140714,2,62.458467332128755
26.137241709595866,1,65.72893429200356
4.309018064325478,2,13.349594508323609
22.239991586819844,4,60.751981920987234
13.76257228629369,2,36.65239739915835
17.04001026992698,1,44.20457086790361
19.968969874988346,2,52.056027612278356
29.124638384461512,4,76.9625362081125
29.552764361517113,3,79.08739428658674
9.358619119149253,3,28.045500664234577
22.278851425699568,2,57.336263819200745
22.74952260012279,2,59.842250805901585
11.048292978078415,3,30.47805359049488
4.592223471062409,3,13.8958740339937
2.187461848285873,4,11.302464062113657
23.54295069834618,3,60.75327712021804
15.201292512690271,4,43.73008719530221
29.58066491535286,4,78.4989399758091
14.484230229615939,1,37.199028970959326
29.359592393141366,2,76.20873220247671
12.935704063627737,2,35.320458971063594
24.016782366239205,1,60.415612738769106
3.45975889704313,1,10.567122851357887
17.108389593995152,4,47.6843445230131
24.259733822586004,2,61.79327976359697
27.81634834937677,1,70.5709963898622
24.854909627905517,2,65.91855308532273
2.0721510888340524,2,9.256972520330828
11.808367897895291,1,31.438268202346904
2.4122556971016866,1,6.040295754585847
4.169186442322182,4,15.713573008261342
20.58386323135704,4,57.11051898225179
21.684487693039248,2,57.33692721591684
23.43789979979716,3,62.97970378818083
26.098239893614224,4,70.4088628132831
22.443512585818787,4,60.836369125716416
24.22527617109233,1,61.15482293182681
2.419947584875098,4,8.951933443686249
7.8015193627976585,1,21.043440173707495
19.03503542788213,1,48.97364141335751
25.885633834119872,2,67.6716604281245
1.1305036232501147,3,5.0887153648323915
15.924250921374144,1,41.65564399275043
20.64133458156752,2,56.05788154853958
1.8586113847297832,2,7.124978592602369
12.63931116904825,2,33.93661260341408
26.973411560127207,4,72.54253125640372
20.476771456819904,2,55.624265666760095
7.892092537457322,1,19.906583581943412
25.730652759325466,1,65.72983883170757
11.092911278875915,1,28.132620774892143
25.746995463177722,1,65.02048393709931
9.669365882448261,3,27.723824398238715
18.11928727561132,2,49.04554143064186
12.511261964687188,2,35.4791455124067
8.969926471896944,4,27.672958324369066
26.710169302984205,3,69.99882853443702
6.440216776245249,1,19.79328080725164
3.45953614583713,2,10.621285883263305
10.91588121782415,2,29.11856713020064
21.811535281605458,4,57.553895159434916
24.41551657331217,2,64.83488300252517
29.96355773193618,1,77.07713992221174
9.594499653323783,3,30.004054669425905
12.830316582807184,2,33.08626810479983
4.9678170628591625,1,15.077713464627015
17.671285959067973,3,47.84835041603606
29.9298210806246,1,76.83065291836164
21.325549293499098,4,56.46609609264327
18.26117237198778,4,51.921012752634745
12.378703694732026,2,34.1332759881619
27.543664048281087,3,72.42025008591649
15.410581287780134,3,42.77156590711146
4.896640486078784,3,15.076105914154711
11.595975432774871,1,29.61049849635548
2.94783339658524,2,9.306138877837704
6.857392092974665,1,16.490752370746385
1.512394648997454,3,8.242745116697002
14.145117578504738,1,37.754387560444414
19.401667683602117,3,51.40282505924145
10.955481408988325,3,31.336906538415633
13.191071373653037,4,37.512137959503356
28.8170689124927,2,74.77094624331278
22.80693052567255,1,57.58974907297035
16.684842471403584,3,44.42868102242133
9.251685378242932,1,25.381288331631072
27.012907164416863,1,68.66839732591767
7.817816389539125,4,26.36664992470129
10.434939184983635,4,30.93365792725323
27.362879618265506,3,71.08112100531326
16.3567196032671,4,46.91873988460368
22.527220533121323,1,58.14885149694933
18.131599030749218,1,47.25587044056947
19.94973706127536,2,53.464943332056315
9.682115453929942,1,24.752492340979057
7.999789787173224,4,24.672221158947774
10.352278067891293,1,26.90924533824044
5.507805358419252,3,16.078766859132507
26.355116593433415,4,70.4242013334253
9.214161064253307,3,27.97178211851009
17.283192438017153,1,44.64531919883673
23.96725832909985,2,60.972084494904635
23.730899171895693,3,61.3714085180743
13.713201498941594,4,40.74777980610226
14.811461949015044,2,39.33833586228248
29.84635071911572,2,76.36846659208769
20.5633268323917,4,55.93432531608224
24.6245148504186,4,64.88397937172915
27.174065107357727,2,71.75825791790595
23.840105250650836,1,60.407210189041066
6.3702010036534595,3,20.89290403687207
17.302951278389592,4,48.1090299104213
3.9549305621218016,4,16.116858379872944
19.934741670355955,2,52.49354867493297
28.70513341744652,1,73.81606620648537
15.869229864703229,3,43.99216770784641
13.556202293165247,4,39.31379679916509
2.039439791126732,4,10.24653395499954
28.83346114754739,1,73.0508021527529
3.9870778397746047,2,14.283129291009374
2.191293705840561,2,6.971297279505502
8.135931733643215,1,21.5441369764512
2.9003825836330903,4,12.065842334290322
14.198417429941108,1,37.09848432819629
15.96654623645626,3,43.08689294524615
10.064528521828933,4,30.27606761016192
2.4778539946716958,3,9.625792401476271
4.236410679227575,4,13.809074180631038
12.150626961707914,2,32.78611969052663
2.755325073969548,4,10.587747351893716
21.24750204268749,2,53.78436934426982
7.003595704219547,1,18.845862581238254
9.760075494725516,2,27.288072078833352
12.429647538164827,2,34.00081688751665
13.081679359005289,3,36.87136910453292
1.0481605225692154,2,3.0878122854824284
4.250040758962228,2,11.664084969498102
26.020172348485463,2,69.42395230802734
1.0357588128453359,2,3.9421882720363035
15.736853318573377,3,43.55297432757013
15.195558188709034,2,39.70195785010674
10.659730669308496,4,31.528999412538806
13.50848358424704,2,35.53795475834401
23.636852988270945,4,64.453673625297
25.394907480233737,2,66.02404281790105
8.550107759042252,1,22.126979623961393
10.352222788064164,1,26.030384850479702
8.03200273782165,4,25.147781042046635
14.916038615980888,4,40.87737774090962
20.814492372105576,1,53.66371197238478
7.619333388439196,3,25.274818380134892
10.591336519591133,3,31.428511350239845
27.981153910085364,1,71.87123266210757
2.408509405561784,2,8.335666216163313
14.362318551947421,3,37.56704375286503
21.635183206306557,4,57.5656716198662
5.363166335166748,4,19.490708694019585
2.3738465801589737,1,6.344860370272654
5.007955777517392,1,13.020637345629432
27.6458726123898,2,71.3490310552905
1.2685336728125791,1,3.3092879231848933
6.461337269529203,3,18.526574439271368
1.9072218741476918,1,5.917580612587807
4.208254559303895,1,10.8291069435877
18.98432931222059,1,47.91980470077259
8.007528353433488,2,21.63762985743671
17.50714946248963,4,49.09023387005853
18.11566610021766,1,46.25703956004879
25.63362465960359,4,68.70548968111511
1.1375003944443436,2,5.840696883419742
25.747714320928637,1,65.42724619408867
18.954453506382247,2,49.50787999749845
5.71956109704377,3,18.369353098179594
23.415184255923236,1,60.40615848336572
25.809254711926986,1,65.57606328030886
8.373641028870562,4,25.81471034779693
27.645016746177745,3,71.93075163571103
14.179265478661076,2,36.98748065348816
18.499309175666323,4,51.81742044113261
29.554836474911664,4,79.13203324982378
11.484546280536781,2,31.56666413975853
24.58162102878327,3,65.33490692068371
10.233574417025329,1,26.830139318378276
24.17719214500324,2,63.53939225333086
18.421283647016633,3,50.58831787856437
7.2743151615366415,1,20.29701590903225
13.006756719887855,4,37.216113883773644
10.211433396543288,4,31.715576221267057
3.2651433993305528,2,10.791319180058704
1.865208332891227,2,7.695397024793866
11.047881006808247,1,29.101790407855496
1.551990286707111,3,7.726982424251951
5.799144969871476,1,14.96211043442837
22.030316304675196,2,58.17714160003281
21.534645834824047,3,60.28190898196776
22.4188312072641,3,59.272282943370165
10.197441962769384,3,29.16459962234841
26.81056425641317,1,67.78020537668567
18.22108589282498,4,49.86469483050052
4.65476391065217,3,16.7813592547491
5.1678411822104895,4,17.046631937798757
21.099767380961342,2,54.67533797903699
6.015374156820264,4,18.250942568319356
15.711488345879257,2,40.92110914015589
29.76145980193261,4,77.49524961187817
1.1162205372668454,1,4.622356042379042
1.4808142550291508,1,7.701732859410186
29.799452875984688,3,77.7319533963112
17.9545261898908,3,46.81955754173676
4.680389290036881,3,16.200972889521935
27.021763792868715,2,69.22748452324164
26.531028703703072,4,72.42691868981122
16.549811980229883,2,43.49250090278476
19.03196886596194,3,50.548106475822074
8.922428553525414,4,26.92811382806785
2.465071194788149,3,10.520454747906559
18.242460657835068,3,48.97873101383201
9.547900602880127,4,28.17302680440661
20.245010353150207,4,55.21369427989664
25.251110128435435,2,64.25592013658772
1.5266557735165578,2,6.613671036085375
18.275699465886095,1,45.10252207087033
7.707135650918715,3,22.423717672931275
26.34276643921024,4,71.41630130685635
8.356270690293027,2,23.593725008665285
18.71233386382713,2,49.771155232554214
17.052684362598733,1,43.76666523377803
12.488828501718219,2,34.79181743528107
20.651002144394027,1,53.752204557754865
22.047319406747583,4,60.36443952111663
17.44119606426222,3,48.130535937969086
22.99424487835787,1,59.43603575029825
29.51909520379519,1,74.55827449614108
13.158899249123348,4,36.353349211117035
15.922908504680395,4,45.02763338754361
1.361626460295184,4,8.750155381569389
24.084828133000972,1,62.502542323640995
16.086671944333823,1,40.48035858578927
12.83088148045639,1,32.370772641863816
3.7280869295924783,4,14.580117590288964
26.80003622858652,4,71.7289235826132
12.455209961176136,4,34.05226329236921
20.79486634806739,1,53.56227403392267
5.331850534676372,1,12.677203421701973
28.884939256689943,4,76.06709158985149
6.174811092833097,4,21.588709104942847
6.786717794085221,3,22.39167350302017
25.9105029561737,1,64.76060102196229
27.464899580116004,1,69.53285741287732
7.152274818175741,1,19.123309568518057
14.62422575707001,3,41.9417913202566
22.271352232322066,4,59.98551163298077
26.472606280513247,3,69.30463167824983
11.992528156081852,2,33.93004594866749
15.993565118633448,4,44.409123643865364
22.509775905072313,1,58.19664147164725
22.202943322931066,4,58.83021534221523
23.705843770756463,4,63.893376682798824
17.528080740604263,3,45.760605013184254
4.033837807338481,4,13.829160737390497
27.21522543546316,3,72.47726494381017
26.10160364030982,2,67.60410370968783
24.144825638731657,2,62.442958356276165
3.896011837661155,4,13.79127997017197
6.927523645361447,3,20.698153040162335
22.564410588121905,1,57.91213963740546
1.6710627428764466,4,9.96057306365288
29.397514377511108,1,72.06863925968096
11.937195730314741,3,32.611228151524045
21.860063477033883,1,56.00925493477372
26.739561566153256,3,70.35004079942085
12.444266756352386,2,33.91404313340769
10.254842169390315,2,28.30464570960234
18.653492738049156,3,49.928863982129485
17.84869183869347,4,48.89487640074649
12.865059351119116,2,34.31714688806229
18.451467920163545,4,52.077412150231595
28.126059717428348,2,71.98314136066516
14.561567442171297,1,37.54111188228429
6.705523241768308,1,18.14715031841919
11.938973503607112,1,32.60778468889224
12.42910249520044,3,34.372447979764786
4.802152097760375,3,16.5641869004119
5.7232735160820924,2,17.94016319347025
20.85230012841664,2,54.46699605605095
10.844854872058178,4,31.701418201068684
28.69205336381842,3,75.00107973749783
8.064305615399615,1,21.104940904256456
3.868810648039847,1,11.726266480676449
22.85163232700748,2,59.76009079477421
26.550045505618233,2,69.01040347321546
9.065287349273149,4,26.337994862803036
6.860554947718861,3,19.78389729192192
6.387217911261528,4,22.911491602930802
16.138356739628858,3,43.768066123783456
14.584082596156358,2,38.08543449481253
8.523755355781493,3,26.34048755504303
2.310020392693365,3,9.656859530416964
14.963248869462141,3,41.58627709051988
28.820638081432644,1,73.11354812830008
19.923056821827235,3,53.088968963991285
15.369690142229935,2,40.65463898307754
4.210070146858867,4,13.942437196848541
8.32065242593803,4,25.51370365542518
9.548444537661739,3,27.767144421196964
23.179303025609794,4,64.59872079786824
26.42461312067396,3,69.74753186669011
27.147613753426715,1,66.73485734135649
29.55248963927187,3,77.38723866539505
29.48863381003144,4,81.2610886581869
28.63697485027146,1,73.6588033606637
3.082842074583647,1,8.096216242650529
4.99601254190635,2,15.481137869196433
9.829529267804954,4,28.631809744622647
17.034049367869383,3,44.831315900126604
3.8123587724588996,4,13.982527567913175
25.528111776262133,4,68.7118058798942
18.885929193241964,3,48.94266748067152
16.728567666763944,3,44.27225987637123
5.794028377651443,2,16.895406507310962
8.344408757605724,1,21.652848718025353
5.649048724485484,2,16.917433082359796
25.70606157604916,3,66.65048561281434
17.94260794177533,1,46.77063360299162
22.31875339806937,1,55.813124398113224
9.584953024390746,1,26.805116862914492
11.766326475560037,3,31.300057904521772
12.74079396836948,4,35.55943065054029
23.040434180577012,4,62.818456254474356
23.398236642562473,2,62.55982485790382
6.99759229790692,3,21.409023780883473
28.304626845404872,4,76.12442503369458
4.499004785866905,3,14.86504886634032
26.98754039028528,2,68.842452521598
3.9114737238444697,2,11.688545961371796
8.671654523388021,3,24.067226588488772
25.547877545970753,2,64.99098389715
6.205270098036536,4,20.714924164411087
12.993470007989124,4,36.160497037884845
14.04591969837966,1,36.63435325267251
8.11251021767308,3,22.5794527919616
21.59711083874361,2,56.689160116975785
25.688704832663912,3,67.33307951269681
26.362679055811583,2,69.71331317317961
10.840342226360267,2,29.82457446147973
16.394661434346617,2,44.622436478860685
8.203785712103894,1,20.95381756383454
8.099098544954217,4,25.103889702629708
5.676367822705799,1,14.40983239864822
28.260551313417928,2,72.6377730408004
26.751676029561818,1,67.81708585115992
23.543402686503075,1,59.33264849557055
16.01218411734414,2,41.21495743451465
15.227629549844284,4,41.45555655095805
16.362624319292443,4,43.366812682523715
16.560472393735587,2,42.744834520835504
13.60232945623302,3,38.23331753725439
4.820890153869956,4,15.25372685266161
4.644251733187543,1,11.442506486715553
28.615241759524814,4,78.12900297004495
14.978892028004166,1,38.01073402016216
28.64296022225048,1,73.12844656479103
5.74372945359319,2,17.40164078048347
17.07808000915807,1,44.55772615267646
7.023800347194638,4,20.837186637378537
8.342353577671446,4,25.424824264279124
1.8715827840741848,2,5.460729690667069
4.449646011466128,4,18.370432887575642
27.588603821246675,4,72.17663428910109
10.32445675298762,4,29.563301663599233
18.635747145523155,4,50.34876700896638
14.485409827688917,3,38.316864092499415
12.613086112113072,1,34.085309190039226
16.424696649035976,4,48.28418952367343
6.429929393844904,3,19.199074365299644
29.669513057067718,4,77.65335949582489
24.730928192412026,4,64.39039498230404
22.506824349213943,1,57.22295215451276
14.594019613404623,2,38.568683610350114
5.433436541663744,1,14.132295227799215
27.699309889933467,1,70.6696499788099
10.9002249540701,4,32.445735527990735
2.4530940012110793,4,11.255818260965599
10.929706627508232,4,31.808141696802092
24.039253884380646,4,63.796512881377346
19.058553604658037,3,51.91221710945182
22.77431895760093,3,60.54831115342385
24.015426132008944,4,65.72692285485701
7.1466837213357355,3,22.256784852811567
27.789716166702227,3,71.65252834770844
13.701698484690805,1,34.020024004269416
19.531395828660774,3,51.67294885291141
1.066954405015518,4,6.411120604248127
29.807686453924163,3,78.8744679107865
9.145995192960498,2,25.61629765838916
2.7998300896645016,1,9.298759217946564
14.289599204558904,1,37.320484828808176
4.74187165827921,3,15.663328727571393
5.417474594569695,3,18.343416266768408
19.336201577876096,4,53.61023128442529
12.394894355536765,4,35.855336852279635
27.733721054494858,2,73.21475567016783
10.255538343634031,4,30.554026742237866
22.059223723133133,3,58.443718702914914
14.371883474492321,2,37.491885427453155
20.138587732749084,4,55.84949479091812
18.39116534476372,1,48.414963903751776
14.710735210010947,3,40.326250623593936
28.551771744108677,4,77.48734498405153
10.93869563989372,3,28.976724067762724
6.139829536228905,4,20.094120465764348
20.66472776551502,1,52.82172450168312
25.534219277929353,3,66.70855382241604
2.167358458257789,4,12.602257183626346
14.039347964257736,3,38.63217727795558
26.882143000932462,4,71.59762673072672
22.738939948763157,2,59.2733119853414
29.76242377843122,3,76.00324570755221
16.411000536320067,2,42.667633415455256
20.139875845233387,4,56.132929582528874
9.771928152999916,1,25.000875027567016
28.478532390313777,2,72.76745581298418
11.623729168139553,1,31.568848556863284
22.41681066791223,3,60.982281070732405
12.691065919453376,1,33.444655270794584
17.29274897182698,2,45.17675509552878
21.87369351562484,4,59.24476272394577
15.759090400789274,2,40.993576040398224
27.305503480375748,1,68.46898558191073
13.159728649906496,1,33.054905136457805
19.76508214615643,1,49.994650958605874
10.928510565701568,4,31.086555423569173
12.836543378699378,3,34.1276533282053
13.76145313877302,4,39.42303551668645
4.648403531056272,1,13.055604408534116
3.659986692711194,2,13.250759490206303
20.35720777125598,1,51.42468105978525
20.010014411948514,2,52.72113661949456
20.22438171209276,3,54.47366685950671
1.5732269149380587,4,8.479229726219614
10.469858437481617,2,29.31897968245372
6.736485570516711,4,22.416443113142495
23.56639125377636,3,62.84338922963844
25.958281640487773,2,67.04006439617164
8.153730939558272,4,24.826797240341147
20.367625606591606,2,51.95131011768195
4.751521300289959,1,12.272885472107204
8.979423242449688,4,26.62655058222253
5.020980390769166,4,16.228479214493483
9.222102231377647,1,24.695179545131783
20.56735987312906,4,57.41502755180966
27.399480395372322,4,72.39063855610166
6.873149829801393,4,22.266316010248122
16.720292013570855,2,43.16661889439742
21.340341936059538,3,56.64593266920968
28.634751586081407,3,74.49654938602573
18.691754003728043,3,50.93128065792656
8.398100999794039,3,23.91646432564292
19.13886655050415,3,52.45882678996702
10.294243688662469,3,29.08988844799397
29.307723330059524,3,76.21970461555398
12.59060791974547,3,33.82321453701851
20.87740390206941,1,53.64671426546887
1.673599888055996,1,6.27921812236617
12.601781937907905,4,36.57777610130663
26.378120786352838,4,72.98413363229652
18.69659588856413,3,51.77127717388075
13.874343705483314,1,35.578331498991275
28.14218748363605,4,74.83744127528306
25.765546908269645,1,66.08356399015948
10.34425454086521,2,27.422617171737336
16.791903659198848,2,45.54604745452961
15.204903426681419,1,39.57385908854714
19.33387250333101,4,53.39114016918605
10.689226741803912,3,31.0100205222806
8.081945022210759,2,24.327692438895955
27.467483222410547,3,72.43966340821386
27.792360485456683,1,70.56786084277033
25.45636368709739,2,67.54962884106605
29.36792849217228,3,77.98737164642183
22.604754247610966,2,58.590905778643695
23.17534962829799,4,62.74356051940399
23.11511266691658,1,59.183162583230256
14.937621297326888,1,38.90586618792221
14.237113640913877,3,37.836184251345585
7.966562008321092,4,23.17392041300117
19.699756636419423,2,50.7620015690461
9.3902839469677,1,23.71097142440791
8.476443881368278,4,25.347285689448192
17.992879848785588,2,48.016910264053976
12.889489258526252,1,33.254793989990894
7.346841655044334,3,22.16349874262102
24.6656244858321,2,62.83975780453799
25.956527659536903,4,69.22967694592131
5.863286070655648,2,17.64547283838396
1.2177039511999963,3,7.239212336176792
10.747769087351838,3,29.74484889019169
24.127814234741823,1,61.68119797323411
25.33604212079541,2,67.93895315547086
5.011543033365427,1,13.71125965415793
23.455741134308486,3,61.54616588962877
4.355420851973454,4,15.514789740571477
12.311815114539348,4,35.6717148938752
29.959675935345558,2,77.14802145767335
6.5851338736963845,2,18.831479983564456
5.464943894751166,3,15.818912939941075
13.261209643857011,3,35.79039363455658
18.97038725312598,4,52.07663289574345
28.054122689984343,1,71.17003875493842
29.443813220457994,1,74.24334377628499
3.019578461150444,2,9.771932566799673
5.001928003089255,2,14.965834863137342
23.93140124298382,2,63.117916563984075
8.848332415854953,4,26.821619304411335
26.66062272568446,1,68.2506600195094
20.240144459643517,4,54.858760847674866
4.2434992690396385,3,14.780843896197577
25.143349262796207,3,66.83410345460287
6.1143350202342,3,19.75165455376532
13.28136644570996,1,35.11687657671939
17.01336292822057,3,46.72214294343257
15.52221832332807,1,39.9071283996624
20.89872455283936,3,56.09175060914287
19.9279153112084,3,54.483297206472535
29.769218160313592,3,77.37097083138117
29.983235367501447,2,76.72968064005676
15.977322676433587,2,42.52473808903433
3.7607735218650555,2,12.217213494928092
22.107455670092833,1,55.64453267596808
29.323258268281087,3,76.83338310728941
10.23146524124159,1,26.684664328875193
14.37505768928964,2,36.122364107620626
13.318530819648222,3,36.676733059861796
2.491155482150951,1,7.2705708725289115
20.495668505479898,4,55.87887832087672
11.246793156985566,2,31.932897167041183
23.836452364313566,1,59.57533261227505
25.131482183177596,3,65.60408288673938
24.815692811337517,3,63.02703623002445
13.083313943156524,3,35.82736819171717
10.324824784986086,4,30.216418408339216
22.71580261034459,2,58.679529349527215
24.240293581438966,4,66.50841129308117
15.246465945349618,2,41.37678238571101
26.897899566552788,3,70.92260564064927
5.17335218627819,1,13.762767412155611
26.492994610109843,3,70.85867619338147
3.786761756184557,2,11.847146530625542
5.452240139583803,3,16.41233031004105
16.48136038494485,4,44.28715228487757
2.9580359254350355,4,11.753775319691908
2.5314059406032,4,11.883158468680609
1.01504358080546,1,6.01414764155674
13.65318313113363,1,35.394568174023554
23.464092557474665,4,62.69487587856635
2.0103121581175545,2,6.240815187009672
19.915470587509805,1,51.54063136508011
24.870692205069407,2,62.81211446028925
5.872024608758262,4,20.030406623300546
5.259048309820723,2,16.36533238081472
25.963228234995547,1,66.54435004072174
24.870613688552748,3,65.55687254944331
16.629311221661418,1,43.33821870770036
24.75679649952543,2,64.46292961994187
3.6899262453103483,1,9.646691771415277
12.439964020223877,3,36.55032237293472
22.396129127084812,2,58.03864343810151
8.466106820394938,4,26.741019351437256
22.81753851857303,2,57.02523201373686
15.621179527333602,1,41.52941970111493
22.757713650498758,1,59.56304787090148
14.475709497862558,1,37.41910753178304
11.669225866432711,2,32.131835700819536
7.356487277880337,1,20.149733376308404
7.043000901615436,2,19.364718684397864
22.793233506570484,4,62.33020607186555
4.448400092984855,4,15.112369762589582
3.4934881532174087,3,11.724963459398197
6.112449585641775,4,21.208067107316737
6.085048832163735,4,20.987279771109538
24.87012106140009,3,65.06892715138443
12.556692080752159,4,35.458153858379355
29.72126526345399,1,74.8575665561773
4.979126475927759,4,17.98045575628489
19.952654945115658,2,51.28165258197875
14.013155708836267,3,38.98960191112663
12.394627124215145,4,36.533414621172156
26.377441772568385,2,68.25535898112787
29.292273729023588,1,75.4407480194239
26.312909804451184,2,67.87796434163818
6.576719692018858,2,18.62794362905323
7.403139715059087,4,22.33060305651586
20.026142493756836,4,55.88253358201229
9.38342386750756,3,26.29203922179003
22.307028792636817,4,60.9173437993071
17.426198873479695,2,45.8941811165733
16.976354286221685,2,43.788102652442554
25.027860820324786,4,66.76054890698865
21.605450380537658,3,58.996498190384884
1.7707551849214593,3,8.228545504938127
2.434314977234455,2,7.4766371017192945
18.445195121224454,3,50.01831609040983
15.09957019304599,4,42.402811451020426
8.54535500494675,2,27.217433914611053
13.141026532129247,1,34.33769017166539
22.979399243252956,1,58.26787326106603
24.97173305507997,1,65.04936055548703
17.275468968811282,2,43.747636254735355
12.175714944855986,3,34.13360751852106
8.850206083358103,4,28.91994370307633
16.135635652308352,1,41.42288984641113
10.127738938367049,4,28.38604630126954
17.358758974369465,3,46.600979471513064
20.622919092779494,1,54.21181577290778
2.9162971166624505,2,10.066812387976897
1.03095648565967,2,4.138535104636658
7.156037026381545,4,22.004849758774842
26.94083343384465,4,71.59238331346181
19.742432133628217,4,54.51727821812453
5.986850206173663,3,19.90532164837281
26.817654892884946,2,70.49656024501154
14.62872226833286,2,39.427817852941274
14.806660943681159,4,40.485007599145405
28.130716371436996,1,70.19885841459904
2.7251140733168606,2,9.746037204505916
7.240169964232837,1,17.954953812649197
17.98736842948695,2,47.142854052648765
6.669108777878119,2,19.376922390881475
20.706283267059778,1,51.82811417228676
7.208676390764886,2,19.39742864255335
3.875552147365616,4,14.394759303846222
7.002569629584353,3,21.610074361484934
13.259286993889805,4,39.009736255138264
6.108010676019316,4,20.677080124818843
4.906068722777071,4,17.138828401934873
25.948174700349284,2,66.52424199731617
10.291518904321928,4,29.457890264960298
11.462001909029354,4,32.944127684244236
2.6028418755356015,4,11.717040273819572
11.36371908155957,2,31.145921410526263
8.67940814232581,1,20.798618370089404
18.704066952911866,3,49.57449035401216
6.956318632499794,4,23.395304132855642
26.762598138822376,4,71.78571039486008
27.960332006667098,3,72.08382110356474
3.895100658126916,1,13.29357282691544
4.11468573236874,2,12.657772598607085
4.344466705218651,3,14.845500722360034
18.967508432999047,3,51.41829583854275
4.537099962079064,2,13.375154439037475
25.719087219977723,2,65.97014436812292
22.87387393319888,1,60.506359818063146
24.774456888902698,2,65.3393480918745
16.255755279694604,3,45.06132540034518
29.90363913405545,1,76.53538702685684
2.281077985380677,4,9.499377573090007
12.636683961397287,1,34.069240095233496
10.394163399191449,3,28.74227583996687
28.51071946266659,2,73.96008545481712
17.728967796430194,4,47.483029585610915
24.37953799789703,4,63.70798614409507
5.939894616097047,3,18.768027742895733
29.38039017311273,3,76.24187616558692
15.46054685941314,3,40.26219957723558
15.316490211848729,3,42.4318350325689
29.155657127826398,1,76.20922359061679
12.041238475297206,2,33.892656446823075
12.528225712094795,1,32.26324639497132
17.957828381343163,2,47.30341626005485
4.7135257058858215,3,16.271520521498466
10.311483165943791,1,28.100835934694384
6.603041350908786,1,17.364067658446263
3.9952208941044383,4,14.822229950985669
26.11819358359958,2,67.9960987657635
18.090603817696806,1,46.98038586452085
11.401510954309424,3,31.970700943762296
12.851411943634671,3,35.608444614017934
13.514051106933284,4,39.96496009708759
19.361326282196572,4,54.412836407934314
27.876312353180804,4,74.9681914563881
28.050608970052494,3,75.44563149515416
12.353267406389238,2,32.89672275374668
10.548611328335317,4,32.79450176946767
14.080348505372397,2,38.14338670696654
17.470092682426284,2,49.3462578282803
14.3927194320427,4,39.58931665332427
20.10384888468433,4,54.370276959493474
17.077571678013147,2,45.51272702323341
10.300750854128207,3,29.749111188299512
11.026193367116345,4,34.31562240196588
11.979190839232196,4,34.07960241478096
3.7445532792322718,1,11.466301716774563
5.81581634000522,3,19.302003854695045
21.9703002622162,1,56.830398487761144
12.28380463414032,4,34.54851524342648
7.221630204244166,1,20.66183431586461
17.31749990667086,4,49.32307469799256
22.91064673172939,1,59.07620134911385
8.46524850801577,2,23.76746895724838
24.97690657578859,1,63.86837444951585
27.89764092912644,4,74.46536653057673
18.32444134314138,2,48.85188849210609
20.39948211075581,3,54.629840129834506
2.524703719368606,1,6.663234323068874
28.42007683963529,2,72.40160045426063
12.38205729368337,4,35.00310698055613
27.793111615817466,4,74.5049112820931
17.790348217757035,1,45.64891470795739
1.1339451664565008,2,5.450206709430001
2.117717980379636,2,8.1951080844952
20.732145364427737,3,54.80304248515247
17.31737240112606,3,48.3590911711605
1.769440678976156,1,5.3558908703929164
22.560338875449176,4,60.767420203841425
25.71221477500627,1,65.96292317484813
15.39610699073994,2,39.053757274474776
14.506965770360393,4,40.27687997617806
1.1587201562041969,3,7.477873189202325
23.81284166231438,2,60.19468222672384
10.590765935637057,4,32.3944890360258
26.48414497369365,2,70.12149900059327
11.818757039183538,3,32.777437260135095
17.38725940829046,1,44.95996128815246
8.839911857780498,1,24.418866729302273
5.657061064962642,2,16.075863474363082
23.47232919805851,3,63.148598515672454
15.401123886542166,4,42.63166092122474
16.55814978881527,2,43.317772178705
28.997062650970328,4,76.49332016310083
28.943817454442456,3,76.30219083530093
25.8136215293697,1,66.89202287598981
6.440669490185973,3,19.517560793347773
18.233908134745818,3,47.913521176952145
26.466275315010584,2,67.48298146523966
11.859454157019194,2,32.44323481391853
3.932078812131964,2,14.07431344372418
24.517924164957734,3,65.28853541170874
14.971142989502978,3,40.64096092310619
17.367387730416176,2,46.58465329289072
29.482184593217486,2,75.86596284745698
18.609131484328092,2,48.54454349345602
13.32440218431694,2,34.75254635509709
11.729546667568735,2,33.132315513168194
13.110959486967323,2,32.63819079992264
4.433573412181394,3,15.481792730732755
24.04776619410958,1,60.85567054747642
25.293788887424192,3,66.42413148710887
9.247516902628858,1,26.011107412689956
9.81010193388838,2,26.211123742520893
26.355693433709583,4,70.00916443024553
1.695140310310708,4,8.907456536857241
16.093265869249603,3,44.24701205893625
14.44659572576353,3,39.274633532115956
21.01367631777533,1,52.16033186390245
5.73835930433418,2,15.880200079953685
20.38159148305946,3,55.83531256411317
11.925286228371416,4,34.68799236006405
18.94272856691962,3,51.40790870100287
2.1627552863105017,4,9.945467008603215
14.390088718350771,2,37.71572409970366
16.14527592548879,1,43.24075926359739
7.215465682794612,1,19.05047234993545
5.049085971194501,3,15.779345048459126
6.46575478735674,3,20.860529334747195
10.980091263837092,2,29.127867800725348
3.807494329844172,4,13.724008480836435
28.47227407615853,3,74.79093187441322
12.744827783378701,2,34.26233956253493
24.460118472695722,1,62.60990752964253
29.258096570156553,3,78.83691051478687
3.341323120079434,3,12.289556046550956
19.898414570114827,1,48.56798246253627
26.270863515495204,2,68.40345773216958
19.39279858503512,2,50.9198764570774
13.441757519364968,3,37.247843822763876
13.50121437150021,1,35.198983238146695
2.0410676942134085,4,9.873990947858722
16.503421787388984,2,43.60594237541707
29.812746906818575,2,77.54491147681723
28.80251825318609,1,72.66421483577072
2.1715776364227324,4,9.281257755417656
21.468113105255156,1,57.89406421576029
9.751181134210993,4,28.462095391746253
27.186685448777965,2,70.46685653440498
2.3083276255690777,4,9.075158813047327
28.140348958321336,1,71.66734081085477
25.28679656984553,1,63.48376587392449
4.407627085325444,4,15.376594770463601
2.7349057822016767,4,12.682329121275314
25.20652226548114,3,67.08831523208092
5.516972458262802,1,15.560840670231823
16.512046436300245,4,44.30891125235875
27.556600878482577,2,73.12839736603546
17.45599529293038,4,47.24810692138407
12.519765742711899,4,37.627975171073615
13.905465590765774,4,40.58520784289592
2.8303979504122596,3,11.253327617815328
29.093817319486366,3,75.47955851780753
10.0089713673514,3,28.77401826319802
6.491541258512761,1,16.957931735637043
9.295371753371462,2,25.667468954933945
28.966822651852887,3,75.76718437054664
3.7342955511522034,4,12.097128371308102
26.15178817453426,3,70.10125458732023
21.527472937641985,3,57.33757518755561
25.070556195611815,1,63.391590089527305
29.301028670668995,2,75.09224444384273
25.422485009989284,3,67.51467210133998
28.35808818705773,4,74.80146412934985
4.681122446936673,2,11.847630558867639
24.07786838984213,1,61.80180077781361
16.824595128350385,2,44.98059081883278
16.761372257315962,1,42.90379881861228
27.068725713294896,3,70.12391140804722
29.182310740754627,3,76.64471239277584
21.440311368252246,4,56.936246052317024
15.005213294681733,4,41.28580264001667
14.235711879153515,1,36.03858176137963
12.203902259472272,1,32.553694719572235
11.486371857607217,2,30.753318693581125
12.35369840884851,1,31.636379610344818
3.602843822284663,4,15.761802071122904
3.2456464725527083,1,9.666578678570485
23.61622547229704,1,60.57955819121742
13.936113894686557,4,39.270583991507614
27.989850167793993,4,74.1782537518482
18.754409249224622,1,45.89961668304441
2.020103483348173,2,8.41899924029399
5.568176898206905,3,17.96875195127364
6.96877399737722,3,20.842769000229634
29.296344707300157,4,77.90363506641414
7.342422558397411,2,21.492200658254582
15.956914612353488,1,39.53757645780387
28.149131017565686,2,72.1829462123604
29.338589167516364,3,75.81017005589837
7.854452626122792,3,25.007640847793724
2.424411668751164,3,10.536684703731211
5.454453143594996,4,16.233440217852127
2.8365258823741843,4,10.377553079295485
6.658602991677755,2,18.914161805836898
17.488521726408326,2,45.648864103948384
27.46101509257361,3,70.92815552335713
16.57934762713586,2,45.793131305490135
19.15369714427334,2,50.596782774665925
6.854150296676692,1,18.81019206455482
24.216924999541654,2,62.25029754962191
18.915878346661913,3,51.61197001383279
26.05996804658902,4,69.56948735549052
28.516450103167738,4,75.80778208421185
11.089122496941176,2,30.733808202178196
3.6267926975277414,1,8.637984178759053
7.551939779586691,1,21.67687730881771
13.697405404599278,2,36.82590272622207
28.425115902909724,3,75.94373396605474
11.970984848829042,4,33.65204236545378
23.35242319629573,4,62.25789286671113
16.673824072951895,1,41.72265996077993
6.30145434249832,3,19.60393352891064
10.301289449650097,2,28.21920692604349
19.94256466566174,1,50.59199984492317
20.51274844586191,3,53.8678019217695
13.608032657462338,1,33.953485373925005
7.630722477201324,2,21.428322292532652
21.935296605867613,3,57.97265473508044
5.897318206768729,2,16.457688524563558
28.16342106408867,3,75.55564214635328
6.4492037920578245,2,18.440683801951824
4.1120585221430925,4,16.35018923928466
15.431783368595985,1,39.24620623880727
16.06693834518113,1,41.61212214675148
15.7375945285691,3,42.88851030516641
13.663357190826344,2,34.86077066754773
29.849631892058643,3,79.65241803641051
15.102137767446875,1,38.82019081158477
14.860450841455098,3,41.49754532327071
13.231215818722278,4,37.126010824344135
2.937946886342424,1,8.380022834276296
18.195742303338864,2,47.0225033984238
7.61106539447229,4,25.063661968944118
19.490660426642446,3,52.638060414056795
2.4741703965058375,1,7.752479517945482
29.460225936337046,1,76.2087489879476
14.601147291367493,4,42.45920952531775
27.005905776130255,4,73.08010697646192
14.79127402375511,2,37.956457712350314
2.7495937386524303,2,8.578305227114393
24.8441928367204,4,65.90659395578965
19.797328160346897,1,51.420854094493045
23.67095437964441,1,60.54803789086108
13.416926041757327,4,36.95180267076272
19.500165583152704,1,49.76166974487054
25.830641110101617,4,67.88249043953526
19.300897843284737,2,50.59908812014208
11.082535410241196,4,30.8509660216158
20.213358236619797,1,52.26222308493411
20.48377146980795,4,56.38739130055395
28.857021912692126,1,75.2505032750772
11.756457324708407,1,31.43901660126836
13.327371257909805,3,36.49551388895201
24.551565874424718,3,65.79698477933627
15.667107127539497,4,42.57010393790356
22.36061970035626,1,56.13907664720957
14.33157446915417,1,37.36207870496053
7.249359112568314,3,19.56514811867286
22.610911440649314,4,61.2901178166894
4.803499906356588,2,13.388486473773051
6.758926242407934,4,21.798622661173102
19.17792450074205,4,51.667074893807865
22.670824205570025,4,61.90130865138025
26.945948719166633,3,70.98419922158396
8.90500842506086,3,27.26288697953348
4.211003499416076,3,14.134243282641812
28.725353126156243,3,74.64474001042913
5.47826955264213,3,17.04878802577804
6.732342485384546,3,19.086619816444635
9.448554153195506,2,26.4275226376942
16.35234926676234,3,45.07072341322112
26.601941414988264,4,73.77404957416348
23.05583465916614,4,61.817750657310945
21.536569061436417,3,57.17362807991586
6.080236467824106,1,15.824832645122049
11.372796314253254,3,32.24410448676436
14.87374285651366,2,39.96604767576377
5.27535265108199,1,14.335006783276462
8.929461361673503,1,24.60997932105679
9.941662914632483,3,27.83717778282643
4.691009751542138,4,17.51369842674606
16.95695106533947,3,46.53087551698976
21.445817699201594,2,56.002514328105036
3.0280173128289753,1,8.455106641315293
14.952569951131343,3,43.40809263655973
23.684124662766056,1,59.59330300617306
22.69171373962096,4,61.8272175260208
24.63711979034387,4,65.64258040561754
13.998978361947604,4,41.58306665349031
24.79615539655596,2,65.2772148201891
7.981839065213815,1,20.476247784193394
11.463506281107945,2,31.57136069620109
6.114311716116238,4,20.34347501156715
14.557051643428583,1,37.07600434659672
12.369740650047854,4,36.4825158423478
7.986886376015054,1,21.556521331142044
22.801640567692665,1,58.41980013311761
10.10155639123775,1,26.411971266852046
8.911325574229235,4,27.50936842817274
4.795819594664357,3,15.818936648153352
13.725829352256511,2,36.773666713666294
9.785974236281758,3,27.42391967471683
11.70891239888809,3,34.566047237982716
7.843920615996026,3,22.15938159664152
23.131509204777114,3,61.856409230822536
27.9700970732868,1,70.80500194091557
15.44002373087774,2,42.75960659664365
19.646954276884145,3,51.81390315498653
26.147996021594476,1,65.83472679222585
29.966059482676098,2,76.34533064342843
18.79197805716513,1,48.50341019386344
26.803604529656194,4,70.43596066457184
27.349639150113617,1,69.09556938052627
23.952093146421046,1,58.92786704319833
14.367010341120196,3,39.75794720692858
3.35346601229308,1,9.083450171976438
1.4583611077638814,2,4.557846025477851
14.838818365204814,2,40.58265531598609
15.335121472503914,1,38.23013678287485
12.813509248026197,4,37.6307168100937
17.47685318744957,3,46.59109214463612
17.012718395828387,1,45.333367367466394
25.261778189948096,3,67.50399601379638
4.15105599460561,3,12.969592115639996
7.530152317060819,3,21.508298240441743
23.99714438982928,3,64.19838617979751
25.587269149485984,4,68.5057947430048
29.849902195005168,2,76.85541298049155
26.31444847522544,2,69.4583600498357
26.8070712050976,3,69.86898913937404
10.11609033626724,4,30.181519612843555
12.648187386271914,3,36.17509625933209
8.77446803979598,1,23.945287587875548
18.582682547588753,2,48.69709370145121
28.225355272004112,3,73.87448229915762
10.994585708836913,1,26.94764880957135
17.153051674562057,4,46.62638419373994
9.592689283151067,4,29.100082434452403
5.924199239408518,4,19.47261590957906
6.660380364741014,1,17.925877990418762
2.680414991605768,3,11.340291088648481
28.529512167268464,3,73.73645730910889
12.683508646721258,3,35.072591314570495
25.189505868061136,4,67.96247563356405
20.758554708001043,2,53.59222683242809
6.565713680921476,3,21.44576131623111
6.088405150793546,3,19.729599678597012
24.5476578438058,4,66.45927793660326
8.676639607966584,4,28.285830799245048
27.4852703273573,2,69.6142805387831
5.061606735995229,4,17.44629055888239
20.653549819179617,1,53.20021151688311
24.61974240489708,2,63.03480096544878
7.822435264053705,3,23.45680270195199
9.010013540240415,1,22.618451356813157
28.97104769803685,2,75.51817656336638
8.67333055503859,3,26.34116115572538
13.468754447101386,3,37.544219518881796
13.542952204028618,1,33.2045826950066
8.338007747960823,2,22.27822584873602
23.497941506675623,1,60.50956376990222
23.3836309536455,3,62.08027602762612
11.971222412489784,2,29.63405341353197
25.218647941341278,3,67.88945023722142
7.179173097571069,3,21.684589250181507
1.1248674943626806,4,6.793094071906657
17.56385349961649,1,46.10458934660789
29.828255401118977,4,78.69309848989053
2.1206849849796536,1,5.81326034484492
7.031944137545357,1,19.138212994877428
16.048524632125442,1,43.1023500395559
24.488281356901247,1,64.044290570226
3.5822181471765435,4,14.115256866845465
12.461804959007935,1,32.816898056370164
22.665198218266703,3,61.05449447775159
11.774753043784486,2,30.579898934091865
6.47625619379353,1,18.034788821635807
6.669378994501033,2,18.33937401810905
12.891414820534834,1,33.74701511813367
14.903095169370843,2,39.43027029581977
25.992618116664406,3,69.08275361877523
19.625320138471814,3,52.781403811185996
21.021656680949544,2,51.88111143155256
29.506627974541303,4,78.74546164805842
12.94345976872824,3,36.600802374119866
12.69727769422472,2,34.589122583900256
27.777062064048554,2,71.74006921391282
8.130392023146701,1,23.168141749797158
22.164642142783133,4,60.522978486079495
22.882621008325906,4,62.44422582100787
3.8358519259178494,2,13.034121708845193
14.578710765113936,3,40.409369912481445
6.816311668325067,3,19.742761417398466
6.375882911272084,3,17.10136986440059
14.45101520342341,1,36.85041710654045
9.393461517733884,4,29.044599320215827
24.085752981150257,4,64.66128612145783
27.32054185032399,4,73.9025329980917
24.278897553362604,4,65.64597205932678
8.714895306028293,4,27.87530433533292
8.949897416969643,3,25.679526835303445
8.387122153406555,1,22.63542021008407
4.916104785630846,2,15.196147028612476
28.370152675007624,1,73.62698356015026
12.659386146555011,1,31.14182806005325
7.515994761830338,4,23.13157863002269
25.55346046473906,4,69.53216726723615
12.576663777075924,3,36.587555922468454
2.0183875221803307,3,8.886040318092906
5.696305537239304,1,15.148059678676773
19.53825987032893,1,50.80276804449677
23.704252950979996,4,64.92933505268168
7.117097266172675,2,19.833081486764378
27.604472088718122,3,72.94148753397285
25.67891648151277,2,67.77781846619389
25.603041867771346,1,67.09806366270281
7.60217325717721,4,24.548038102178317
2.4655436708516736,4,11.007998073794777
26.155282644994926,3,68.9341314364494
9.868206633418454,2,27.627913140739757
18.94857505403225,3,50.85576479260118
23.039039627321173,4,62.58723956732532
4.720504496822485,3,14.34338497752534
23.64431228105239,2,62.807837899122134
28.21683230987091,2,71.8018960475286
22.122874006645862,3,58.47507325616164
13.795459705936185,2,36.986242525692276
26.423666023799385,3,71.6501519393871
16.29627127210421,1,41.5179951954082
22.59835690668587,1,57.02987645275427
24.79467237189952,4,66.235864012415
22.731232989271174,2,60.88697964078925
9.347791405396466,2,22.95713151998514
4.417473126269101,3,13.640944803524166
7.911817351499744,2,24.910832087908908
15.583373172430244,4,44.349315004567245
15.653030746499779,1,39.22659191691022
17.89668613012159,4,49.4997973431292
12.457953288888834,1,32.412337788289946
23.819850062050804,2,62.79575040103261
27.481458760069025,3,74.14314890299512
8.155026550904667,4,25.57611805854088
22.359173313354752,1,56.55814498037392
20.661183723806296,3,56.04004375161394
16.169624479100133,1,40.92580850088748
6.467376782350647,1,16.335104459887585
24.061735498898575,4,63.19442987528999
28.858162283236148,3,74.18027731358995
21.93325363477479,2,56.3366889308127
27.617939902146286,3,71.46705998766484
29.541372683491993,2,76.5666682361047
11.209469552937907,2,29.22427205652073
19.508483034863772,2,48.02754128513469
14.74404939150426,2,38.21621170417118
29.612233659033674,4,78.35872449986276
3.720426896224023,2,11.095617752688092
12.958872514619515,2,36.31670596585797
26.39063229128985,3,68.96303816893548
9.237488005268947,4,28.774643476371565
23.84599266852731,2,61.995999071637414
12.100711720627416,4,35.009474575895936
29.41937765681459,2,75.11306385318844
26.62236525628752,3,70.09713048913802
9.738290372215845,4,28.380629803642194
23.3356002925978,2,60.90902504574907
10.768839771164792,1,27.88584979528829
18.584522366250518,3,49.1166779824347
20.095942283405467,1,52.43175004821426
25.058266863485443,2,65.47250763873504
1.7090743855784316,4,8.62462322980383
7.384578843416691,2,21.006940155577034
21.645616507068784,3,57.630218746169994
17.342173872116582,3,46.08784374302818
15.372547267833149,1,39.70186439860404
2.6010887445314332,2,8.281710106521208
11.10000062038223,3,30.405067715335477
26.0879067254088,1,64.79699948325548
1.8958922740449333,2,6.781123331573703
12.49665082557955,2,34.2085977235326
28.409300342452408,4,75.12859150275216
2.475541301805424,1,9.90956194667153
22.741466780294466,4,62.539352604388895
8.470765869279058,2,24.88124480585812
26.131656132456502,3,69.72438334321501
22.635971389821588,3,62.04279344949255
26.685449954892523,2,68.32662290375877
7.2618189225067145,4,20.393809920608163
16.407489889739544,1,41.77259911599597
23.59882836366922,1,60.755289484720585
8.12529254685445,4,25.264748338884104
7.6916428527492915,3,23.104579742841015
1.7882818714299658,4,10.591614681244787
28.796943525288118,2,74.77441638768279
21.59048952158408,1,55.97513673155122
19.43125026629536,1,48.83856292388565
22.575846958154735,2,57.74422370617079
16.41677464216774,1,43.856050528443845
14.807880811621901,4,41.92060356420182
14.036434992582105,1,35.66785829800913
19.572737151005597,4,53.110448383966876
6.844514286379113,1,17.66216259430952
26.75370215543122,1,67.37529636753221
24.54081876535869,2,62.46889911079307
11.137344732108982,1,27.542941428051947
17.779669607563207,2,46.654169641253596
5.089791698550424,2,14.53155337605566
29.198041190074342,3,77.70226226062915
27.183887941278222,3,71.85279650646247
27.735027688476812,1,70.80288690127001
10.632728383400098,1,27.038700550945794
5.904906514102817,1,15.841237869477066
7.141392740523,1,19.41448295493894
3.610040340307606,1,10.94129659048169
4.483208272940146,2,13.514128855832
3.0678314913605162,3,12.3487025077255
29.704869006941333,2,76.67016182626128
3.147672817703134,2,11.062029162775515
4.843720347590995,2,14.019448660388338
24.990383272131357,3,64.26336981375974
17.82696628554535,2,47.235774701881894
23.45809893251064,1,60.570571394423226
19.296448225406994,2,51.21646789532505
26.583077039539493,1,68.07987926028618
19.51555830517748,2,50.84030879698871
16.141627694191378,4,44.34732298403285
21.669741119077692,2,57.126081066738
13.974389801971174,1,36.56242192112621
11.035850864237306,3,30.628728069749435
14.561921121056162,1,38.71422699183246
5.9217090478582595,1,15.121407105098047
24.10058016427805,1,60.86792703190409
8.560409658742394,4,27.83744935919765
5.452414843774377,4,19.299619047169855
8.144215011713577,3,23.602528223392916
25.420034401394954,3,67.43746671313095
10.57583757233421,3,30.194386175359362
20.895446215671104,3,53.09300167420038
25.83587928901644,3,67.28322427306772
3.2545953408262216,4,12.885641734956272
23.185707750163246,3,61.20765789884881
9.92229852499187,1,26.252848877310097
7.282048561337238,2,21.734603716291012
20.978142121136194,4,56.923819518186555
27.384102059263782,2,69.8026003520366
9.555557052659466,1,25.41374429015971
17.496180356145253,4,48.21382755679533
9.405189301635254,3,26.95690975326623
17.07428198606641,3,45.99393124601295
19.033998888975876,2,52.22683502245067
18.699726274915214,1,45.70861142629009
19.08284471963963,2,49.71877789596643
4.917313974308199,2,14.689595910122106
21.112673618014867,4,56.80054155275439
20.567760335026474,2,54.71922666969447
20.79505554428961,1,54.000896539443666
3.1480460294224835,2,10.222360455067669
13.958326430010425,4,39.425142319682365
12.862018829326162,2,34.44309023908376
3.514633025652775,2,11.081795910484127
7.44866990900751,3,22.14330174439301
13.787916322143065,3,37.88179170384086
22.544282985884387,2,59.01315677930336
7.874800232555232,4,25.240212646215944
25.062747393622434,3,65.02660833645751
16.82815028644444,1,42.219711816877954
23.052228870353908,2,58.282054146401244
14.704123516768856,4,42.42670619227974
15.476632537244477,2,41.341904636301656
18.971862292009565,3,51.53492324595668
27.911147636808902,3,71.94837085365879
15.262564860974388,3,43.54136027531611
16.331068605140437,4,45.01882060470574
18.457911942298356,1,47.51298566285715
22.387938981634047,3,60.42423211476349
3.083659729100795,3,10.322169566955916
15.95493571713719,1,40.54101493433031
14.966156086975262,3,41.194561992039034
27.728864542889543,1,73.37963443268858
15.311690832653891,2,40.98035182448675
14.581295506135598,2,40.45959991596971
28.90379966750636,1,74.66517231395785
14.066717444425565,4,40.33480364755843
6.24564847934062,1,15.824925426720872
7.290567561367861,2,21.686172514237885
3.76043861177225,4,12.702986187782578
1.016475748509389,4,8.942064494950564
13.526424169013977,1,35.21606573075319
23.308034857648423,2,58.01986359682288
22.27052684119524,3,58.93581100795627
1.9323235462826558,4,10.284756686629581
17.529504204226953,4,48.38673663752761
5.474210636990804,3,18.000532403470586
28.29121225817622,1,71.07800647772827
5.853584989681199,4,18.12798010141539
19.172537313226965,1,49.05989788001981
10.460912502757646,1,27.383846924184027
19.605278452966214,3,52.26481178135322
12.955499297458179,3,37.21603939028764
23.029648516885448,1,57.923913917074564
7.689694634507878,1,20.737402193602044
27.267963734513543,3,71.83787930744748
15.506079830087211,2,39.608483623081945
22.92670128367273,3,59.59772302551332
25.642175550635585,2,66.5173498928376
29.96602971768934,3,80.49627429291031
7.494424302224789,2,21.715330567460782
9.31987999334019,2,23.974065158205846
8.262559515224758,2,19.945910722942557
8.623268632633696,3,25.89122517458862
17.890897504641945,3,48.23103027867666
29.812153171229447,3,79.27164889758399
29.71806452568988,3,77.01444339351325
16.276423709506922,1,42.24127177162584
19.53178909767554,4,54.475646207216705
25.939145767346574,3,68.00040078015995
28.05507029515165,3,73.31159016764806
6.9119581925567735,4,22.105158312490325
16.32771013933113,4,46.16195169488815
25.152274585183854,3,66.46635245844772
9.792860222403158,4,30.256146893767383
13.754462231933534,2,36.3242203905668
29.58301194384823,3,76.22913465415746
29.56635420490526,2,78.29286088037632
27.277097512190267,3,71.18811004393322
24.15500200001367,1,61.01906291631643
8.804784520961366,4,26.74615798133123
10.304652147948437,1,27.02881147952507
16.871202394941367,3,45.39132234486513
17.26254386229835,1,44.33892575879687
15.659581761354943,1,40.30919217195919
19.463438117572878,4,53.633414620953
12.841367656356676,4,34.54593168190437
22.726050562150455,1,59.89600271238399
10.672947867872304,1,27.735081356146203
10.589632911444223,4,31.854704898057545
4.689552894863012,4,15.145780895623506
6.472654090838658,1,16.910634965847393
25.665105488719373,3,67.090447855478
13.942187818832805,2,38.72519331159055
7.60816581003218,3,22.034600918244564
23.020891900649236,2,60.710309738563176
17.065452648688925,1,43.213211169049124
1.613524331275511,2,5.981191888534833
10.174482262764739,3,28.79065549171116
6.13304092251889,4,21.416447433126528
20.020312968502378,1,49.36092976222583
8.975900178277332,4,25.924086890418895
2.883456597088365,3,8.861336327031095
2.5931146867324086,4,10.195284597069573
17.870091640802734,4,48.66362905081473
1.6299802154185992,1,3.6604692844561084
25.614971280946573,1,64.50328045575176
5.506516458460993,4,16.55157666521907
18.590423720667463,1,46.65807057790098
13.895952812311625,1,37.14030243068927
13.842694115725173,2,37.41032335959404
3.08211712844133,4,12.692760493275852
24.279815256154254,4,64.49675958410653
26.898522057844325,3,69.31022018556608
1.3194833541426254,1,3.3595523098222824
6.179521095216414,2,17.80559291114502
27.213221475068888,3,72.50123046739888
16.935314771201686,1,44.44065434513954
5.351147769198094,3,17.608481785478567
6.880923125665607,1,17.66475095009607
20.13960108287631,2,52.77355253959477
22.019687845159318,1,55.92787708286105
18.383377448818123,3,49.35725385855056
28.641303017463247,4,78.44038544061793
15.327844506191534,1,37.757611028475225
9.707885452133274,4,28.835036814410927
14.839754389298099,3,41.91113488044141
11.430322516331717,4,31.90991479579575
7.508060887565903,4,22.926404793648505
2.332934230864062,1,6.503297079592516
11.214162313388602,3,31.41211606141752
21.630871083582527,3,56.0812205493501
1.5346962833806206,1,5.632026768789591
13.736176882972106,2,37.40672948994341
19.676272642046182,4,54.499056930133406
18.701719166054907,3,49.48392424084619
23.522804640772762,2,61.2935223927192
24.50507175413413,2,62.76323914576623
21.639468806662247,4,58.5660753558841
3.9811331881977337,2,14.506300897665213
14.775650876126459,1,38.23482256791241
18.49877276714065,3,48.659405341864456
8.121415125474098,4,25.28387315434916
2.234002711756519,1,5.433210853327988
7.48411930540536,2,19.91128787099839
14.191937650246526,2,36.83872098966752
13.003979252583425,1,33.265638679262885
6.123342458487687,3,19.84532514180842
24.90805073782129,2,65.24852504257008
27.84491339336501,1,71.33527881165986
6.839101252528741,2,18.398828565731307
27.957614551449428,4,74.15272202318792
1.517967816080244,4,8.866920647083798
27.823911708501416,3,72.53145928586513
28.605934912346328,2,73.63647084056473
1.3495040274618308,4,8.615118761184526
23.127559606525693,1,58.67012633511293
29.135845604525457,3,76.66567360041566
27.271164345715572,3,73.3706393203085
29.150594674690176,3,76.30462788773843
16.95938166523154,1,44.77779197279806
3.2665280566762602,3,12.325690208998008
25.643886736346047,3,66.24247484737835
18.801019418461337,4,50.700411516889815
18.827365581460384,1,47.434818070581066
13.1003546859019,3,35.49605179782197
17.583417319112165,4,48.668253551673594
5.453813593497322,2,16.649178031825127
22.453330770418358,3,60.98848534275062
3.1755019131947275,1,9.446929871711902
22.16364224426997,3,58.563426054621715
25.620374256120765,3,65.56869439667203
14.701591649370158,1,38.024568698842735
15.785080615654431,1,40.68847173283107
10.05421391474027,3,28.918463540389634
29.11429892804204,1,76.09198761780844
22.260609762226814,2,59.292120951760104
11.700668045710003,1,31.236731032524993
6.069414200757147,4,19.01145837182127
7.367808173860649,3,21.506525685454882
14.45374629719145,4,40.839521136050124
28.334483609115797,1,71.26080189877914
22.290244027066624,1,57.42607459265168
7.242068697195345,3,22.062080592204065
25.927272869148045,3,67.32987437981541
11.967815167280753,4,35.916354627298006
25.69994329982304,4,69.15216858336646
8.009288341452798,4,23.09414970688975
18.94115774615321,1,48.50155150703806
27.873444154357177,2,72.36481684181585
8.47892626528603,4,26.97010802465082
21.094871126989794,3,55.999701414347875
29.632065978757172,4,79.70810321434014
5.367350330047102,3,17.20551781188797
3.5636664303195578,1,8.794111466761315
20.551660580899668,2,52.363984678766656
10.85234248472188,4,33.05341608195405
3.0660898436311426,3,12.461208787459626
14.78386291862452,1,38.482566526966025
22.859349709674717,1,59.844080995366824
9.268549612040474,4,29.02798387914279
10.716359447648907,4,32.274527348601985
25.52528261876219,4,67.7018950581718
16.082085455583154,1,43.136642389990236
